순번,네이버업로드파일명,바이트,글자수,사진설명,카테고리태그,검색키워드
01,01_대표_3in1클립렌즈_스마트폰장착_휴대폰렌즈.jpg,65,31,"대표 이미지, 스마트폰에 장착된 3-in-1 유니버셜 클립 렌즈",디지털/가전 > 휴대폰액세서리 > 휴대폰렌즈,"3in1클립렌즈, 스마트폰렌즈, 휴대폰렌즈, 어안렌즈, 광각렌즈, 접사렌즈, 클립렌즈, 휴대폰액세서리"
02,02_패키지_클립렌즈세트_구성전경_휴대폰렌즈.jpg,64,28,제품 패키지 및 구성 전경,디지털/가전 > 휴대폰액세서리 > 휴대폰렌즈,"3in1클립렌즈, 스마트폰렌즈, 휴대폰렌즈, 어안렌즈, 광각렌즈, 접사렌즈, 클립렌즈, 휴대폰액세서리"
03,03_구성_3가지렌즈_어안광각접사_휴대폰렌즈.jpg,62,28,"클립, 파우치, 어안·광각·접사 3가지 렌즈 구성",디지털/가전 > 휴대폰액세서리 > 휴대폰렌즈,"3in1클립렌즈, 스마트폰렌즈, 휴대폰렌즈, 어안렌즈, 광각렌즈, 접사렌즈, 클립렌즈, 휴대폰액세서리"
04,04_기능_3in1렌즈_실사용소개_휴대폰렌즈.jpg,56,28,3-in-1 렌즈 실사용 및 기능 소개,디지털/가전 > 휴대폰액세서리 > 휴대폰렌즈,"3in1클립렌즈, 스마트폰렌즈, 휴대폰렌즈, 어안렌즈, 광각렌즈, 접사렌즈, 클립렌즈, 휴대폰액세서리"
05,05_장착_클립렌즈_카메라맞춤_휴대폰렌즈.jpg,58,26,스마트폰 카메라에 클립 렌즈 장착,디지털/가전 > 휴대폰액세서리 > 휴대폰렌즈,"3in1클립렌즈, 스마트폰렌즈, 휴대폰렌즈, 어안렌즈, 광각렌즈, 접사렌즈, 클립렌즈, 휴대폰액세서리"
06,06_제품_골드클립렌즈_컬러선택_휴대폰렌즈.jpg,61,27,골드 컬러 클립 렌즈 제품컷,디지털/가전 > 휴대폰액세서리 > 휴대폰렌즈,"3in1클립렌즈, 스마트폰렌즈, 휴대폰렌즈, 어안렌즈, 광각렌즈, 접사렌즈, 클립렌즈, 휴대폰액세서리"
07,07_광각_067X와이드_단체촬영_휴대폰렌즈.jpg,56,28,0.67X 와이드 렌즈 단체 사진 및 좁은 실내 촬영 예시,디지털/가전 > 휴대폰액세서리 > 휴대폰렌즈,"3in1클립렌즈, 스마트폰렌즈, 휴대폰렌즈, 어안렌즈, 광각렌즈, 접사렌즈, 클립렌즈, 휴대폰액세서리"
08,08_어안_180도렌즈_반려동물샘플_휴대폰렌즈.jpg,61,29,180도 어안 렌즈 고양이·강아지 촬영 샘플,디지털/가전 > 휴대폰액세서리 > 휴대폰렌즈,"3in1클립렌즈, 스마트폰렌즈, 휴대폰렌즈, 어안렌즈, 광각렌즈, 접사렌즈, 클립렌즈, 휴대폰액세서리"
09,09_어안_반려동물코샷_강아지촬영_휴대폰렌즈.jpg,64,28,어안 렌즈 반려동물 코 클로즈업 촬영 예시,디지털/가전 > 휴대폰액세서리 > 휴대폰렌즈,"3in1클립렌즈, 스마트폰렌즈, 휴대폰렌즈, 어안렌즈, 광각렌즈, 접사렌즈, 클립렌즈, 휴대폰액세서리"
10,10_어안_스트리트_도시감성촬영_휴대폰렌즈.jpg,61,27,180도 어안 렌즈 도시 스트리트 감성 촬영 예시,디지털/가전 > 휴대폰액세서리 > 휴대폰렌즈,"3in1클립렌즈, 스마트폰렌즈, 휴대폰렌즈, 어안렌즈, 광각렌즈, 접사렌즈, 클립렌즈, 휴대폰액세서리"
11,11_실사_어안렌즈_왜곡효과1_휴대폰렌즈.jpg,56,26,어안 렌즈 실제 촬영 왜곡 효과 샘플 1,디지털/가전 > 휴대폰액세서리 > 휴대폰렌즈,"3in1클립렌즈, 스마트폰렌즈, 휴대폰렌즈, 어안렌즈, 광각렌즈, 접사렌즈, 클립렌즈, 휴대폰액세서리"
12,12_실사_어안렌즈_왜곡효과2_휴대폰렌즈.jpg,56,26,어안 렌즈 실제 촬영 왜곡 효과 샘플 2,디지털/가전 > 휴대폰액세서리 > 휴대폰렌즈,"3in1클립렌즈, 스마트폰렌즈, 휴대폰렌즈, 어안렌즈, 광각렌즈, 접사렌즈, 클립렌즈, 휴대폰액세서리"
13,13_구조_와이드접사분리_사용법_휴대폰렌즈.jpg,61,27,와이드 렌즈와 접사 렌즈 결합 구조 및 분리 방법,디지털/가전 > 휴대폰액세서리 > 휴대폰렌즈,"3in1클립렌즈, 스마트폰렌즈, 휴대폰렌즈, 어안렌즈, 광각렌즈, 접사렌즈, 클립렌즈, 휴대폰액세서리"
14,14_접사_매크로렌즈_꽃눈송이샘플_휴대폰렌즈.jpg,64,28,접사 렌즈 꽃수술·눈송이 초근접 촬영 샘플,디지털/가전 > 휴대폰액세서리 > 휴대폰렌즈,"3in1클립렌즈, 스마트폰렌즈, 휴대폰렌즈, 어안렌즈, 광각렌즈, 접사렌즈, 클립렌즈, 휴대폰액세서리"
15,15_접사_꽃수술클로즈업_디테일촬영_휴대폰렌즈.jpg,67,29,접사 렌즈 꽃 수술 클로즈업 디테일 촬영 예시,디지털/가전 > 휴대폰액세서리 > 휴대폰렌즈,"3in1클립렌즈, 스마트폰렌즈, 휴대폰렌즈, 어안렌즈, 광각렌즈, 접사렌즈, 클립렌즈, 휴대폰액세서리"
16,16_구조_와이드매크로분리_3in1_휴대폰렌즈.jpg,59,29,와이드+매크로 분리 구조 및 숨겨진 접사 기능 설명,디지털/가전 > 휴대폰액세서리 > 휴대폰렌즈,"3in1클립렌즈, 스마트폰렌즈, 휴대폰렌즈, 어안렌즈, 광각렌즈, 접사렌즈, 클립렌즈, 휴대폰액세서리"
17,17_컬러_골드클립렌즈_3in1_휴대폰렌즈.jpg,53,27,골드 컬러 3-in-1 클립 렌즈,디지털/가전 > 휴대폰액세서리 > 휴대폰렌즈,"3in1클립렌즈, 스마트폰렌즈, 휴대폰렌즈, 어안렌즈, 광각렌즈, 접사렌즈, 클립렌즈, 휴대폰액세서리"
18,18_컬러_레드클립렌즈_3in1_휴대폰렌즈.jpg,53,27,레드 컬러 3-in-1 클립 렌즈,디지털/가전 > 휴대폰액세서리 > 휴대폰렌즈,"3in1클립렌즈, 스마트폰렌즈, 휴대폰렌즈, 어안렌즈, 광각렌즈, 접사렌즈, 클립렌즈, 휴대폰액세서리"
19,19_컬러_블루클립렌즈_3in1_휴대폰렌즈.jpg,53,27,블루 컬러 3-in-1 클립 렌즈,디지털/가전 > 휴대폰액세서리 > 휴대폰렌즈,"3in1클립렌즈, 스마트폰렌즈, 휴대폰렌즈, 어안렌즈, 광각렌즈, 접사렌즈, 클립렌즈, 휴대폰액세서리"
20,20_사용법_클립렌즈장착_4단계_휴대폰렌즈.jpg,59,27,클립 렌즈 사용 방법 4단계,디지털/가전 > 휴대폰액세서리 > 휴대폰렌즈,"3in1클립렌즈, 스마트폰렌즈, 휴대폰렌즈, 어안렌즈, 광각렌즈, 접사렌즈, 클립렌즈, 휴대폰액세서리"
21,21_장착법_카메라중앙정렬_클립고정_휴대폰렌즈.jpg,67,29,휴대폰 카메라 중앙 정렬 및 클립 고정 방법,디지털/가전 > 휴대폰액세서리 > 휴대폰렌즈,"3in1클립렌즈, 스마트폰렌즈, 휴대폰렌즈, 어안렌즈, 광각렌즈, 접사렌즈, 클립렌즈, 휴대폰액세서리"
22,22_구성품_렌즈캡파우치_전체구성_휴대폰렌즈.jpg,64,28,클립 렌즈 세트 전체 구성품,디지털/가전 > 휴대폰액세서리 > 휴대폰렌즈,"3in1클립렌즈, 스마트폰렌즈, 휴대폰렌즈, 어안렌즈, 광각렌즈, 접사렌즈, 클립렌즈, 휴대폰액세서리"
23,23_상세_클립렌즈_제품디테일_휴대폰렌즈.jpg,58,26,스마트폰 클립 렌즈 제품 디테일,디지털/가전 > 휴대폰액세서리 > 휴대폰렌즈,"3in1클립렌즈, 스마트폰렌즈, 휴대폰렌즈, 어안렌즈, 광각렌즈, 접사렌즈, 클립렌즈, 휴대폰액세서리"
